name,ticker,image,link,round,total_raised,pre_valuation,categories,date,ecosystem,investor_1,investor_2,investor_3,investor_4,investor_5,investor_6,investor_7
"CLIX","CLIX","https://icodrops.com/media/cache/75/6f/756f55e07357dc6188510f31d7de1ba2.webp","https://icodrops.com/clix/","TGE and Distribution","—","$10 M","Lending","Upcoming","","","","","","","",""
"Spaceway Token","SPWAY","https://icodrops.com/media/cache/f2/c8/f2c834687d41ff09b9812447da37a07a.webp","https://icodrops.com/spaceway-token/","TGE and Distribution","—","$240 M","Space","Upcoming","","","","","","","",""
"Gno.land","GNOT","https://icodrops.com/media/cache/b7/24/b7240b52bae7fa8b800bc473dc1d2057.webp","https://icodrops.com/gno-land/","TGE and Distribution","—","$85.98 M","Blockchain Platform","Upcoming","","","","","","","",""
"Credible","CRED","https://icodrops.com/media/cache/ba/8a/ba8a7d5e7e9061b2c4a735cb5854ecf6.webp","https://icodrops.com/credible/","TGE and Distribution","—","$200 M","Payments","Upcoming","","","","","","","",""
"OpenDelta","USDO","https://icodrops.com/media/cache/c3/56/c3562f78345b483aadbf4264386ba323.webp","https://icodrops.com/opendelta/","Private Sale","$2.15 M","—","Stablecoin","Upcoming","","6MV (6th Man Ventures)","Anagram Crypto","Anatoly Yakovenko","More Details","","",""
"ATEG Capital","ATEG","https://icodrops.com/media/cache/48/72/4872667541c8d47144a24826fd4cb9d5.webp","https://icodrops.com/ateg-capital/","Private Sale","—","—","RWA","Upcoming","","","","","","","",""
"USDai","","https://icodrops.com/media/cache/8e/d3/8ed3a665359d0067331519cf5ef9efbf.webp","https://icodrops.com/usdai/","Binance Wallet Sale","—","$198.37 M","Stablecoin","Upcoming","","Coinbase Ventures","","","","","",""
"WorldX","WLDX","https://icodrops.com/media/cache/33/91/33910d056831eeb007683be62f9fcb7f.webp","https://icodrops.com/worldx/","TGE and Distribution","—","$25 M","Exchange","Upcoming","","","","","","","",""
"Mendel","MENDEL","https://icodrops.com/media/cache/56/a4/56a417ee73562003415d6cb0de811e3e.webp","https://icodrops.com/mendel/","TGE and Distribution","—","—","Blockchain","Upcoming","","","","","","","",""
"Chatllat","CLAT","https://icodrops.com/media/cache/67/63/67638b7bbaa25b2f1716413944693373.webp","https://icodrops.com/chatllat/","IDO on Kommunitas","—","$6 M","Blockchain Service","Upcoming","","","","","","","",""
"Konnex","","https://icodrops.com/media/cache/3d/8a/3d8abd2a3fc36174ac112d02553019c7.webp","https://icodrops.com/konnex/","TGE and Distribution","$15 M","—","Blockchain Service","Upcoming","","LD Capital","Cogitent Ventures","Covey","More Details","","",""
"AntDrop","ANT","https://icodrops.com/media/cache/1f/a3/1fa338df9e2fe8cb0ea963af2a1ffbec.webp","https://icodrops.com/antdrop/","IDO on Spores","—","$10 M","Blockchain Service","Upcoming","","","","","","","",""
"ChimpX AI","CHIMP","https://icodrops.com/media/cache/fd/46/fd46e3e8197f75ec044fd4b725b3710c.webp","https://icodrops.com/chimpx-ai/","IDO on Eesee","—","$30 M","DeFi","Upcoming","","","","","","","",""
"Probable","","https://icodrops.com/media/cache/54/f0/54f090c5c5a1b8dac00ea5a0396594f8.webp","https://icodrops.com/probable/","TGE and Distribution","—","—","Predictions","Upcoming","","YZi Labs (prev Binance Labs)","PancakeSwap","Predict.fun","Binance coin","","",""
"PENXCHAIN","PENX","https://icodrops.com/media/cache/dd/42/dd42475b59833b40f42e93c7ab290872.webp","https://icodrops.com/penxchain/","TGE and Distribution","—","$3 M","Blockchain Service","Upcoming","","","","","","","",""
"HyperSignals","","https://icodrops.com/media/cache/40/e9/40e9aa155eb8d694bd0d0f5f099abad0.webp","https://icodrops.com/hypersignals/","TGE and Distribution","—","—","Trading","Upcoming","","","","","","","",""
"Solstice","SLX","https://icodrops.com/media/cache/6e/73/6e7360c5664847bb9ec25d510745cb5f.webp","https://icodrops.com/solstice/","TGE and Distribution","—","—","DeFi","Upcoming","","Solana","","","","","",""
"SONAMI","SNMI","https://icodrops.com/media/cache/bd/2b/bd2b07b020cd6eed8e1f4ab2ef7e869e.webp","https://icodrops.com/sonami/","TGE and Distribution","$13 K","$83 M","Layer2","Upcoming","","Solana","","","","","",""
"Chainers","CHU","https://icodrops.com/media/cache/85/6c/856c0fcc060dd726e68877173ad71537.webp","https://icodrops.com/chainers/","Presale","—","$19.98 M","GameFi","Upcoming","","","","","","","",""
"SecantX AI","SECA","https://icodrops.com/media/cache/e0/4d/e04de92e046cf25b5ab8f1e0d4210643.webp","https://icodrops.com/secantx-ai/","TGE and Distribution","$300 K","$70 M","Analytics","Upcoming","","","","","","","",""
"Talisman","SEEK","https://icodrops.com/media/cache/d4/4a/d44a62be0242102488e4bb9b075b532c.webp","https://icodrops.com/talisman/","IDO on Eesee","$2.35 M","$30 M","DeFi","Upcoming","","Hypersphere Ventures","D1 Ventures","Digital Finance Group (DFG)","More Details","","",""
"Arc","","https://icodrops.com/media/cache/53/9d/539d7b326bbd9c13118fc7f8f8c26db6.webp","https://icodrops.com/arc/","TGE and Distribution","—","—","Blockchain","Upcoming","","","","","","","",""
"MiRA","CAML","https://icodrops.com/media/cache/12/73/12732bbba366dccb332a8d135f97641f.webp","https://icodrops.com/mira-2/","TGE and Distribution","—","$250 M","Blockchain Service","Upcoming","","","","","","","",""
"FighterCat","FIGHTERC","https://icodrops.com/media/cache/46/70/467072880b0121c20d187e0333e68450.webp","https://icodrops.com/fightercat/","TGE and Distribution","—","$2 M","Meme","Upcoming","","Solana","","","","","",""
"Monorail","","https://icodrops.com/media/cache/ae/a7/aea73b9c49af4b7a45fe34f5ee1aaa84.webp","https://icodrops.com/monorail/","TGE and Distribution","$250 K","—","DeFi","Upcoming","","Monad","","","","","",""
"ByteDance rTTOK","rTTOK","https://icodrops.com/media/cache/ac/9a/ac9aa02719d039fce1958f2eb162b45f.webp","https://icodrops.com/bytedance-rttok/","TGE and Distribution","—","—","Blockchain Service","Upcoming","","Solana","","","","","",""
"BlaBla Protocol","BLA","https://icodrops.com/media/cache/f6/72/f672179827df4e0718416f4d7037789a.webp","https://icodrops.com/blabla-protocol/","TGE and Distribution","—","$2 M","Social","Upcoming","","","","","","","",""
"Taunt AI","TNT","https://icodrops.com/media/cache/e2/66/e266f5b13d1383e80ebd2e97a6a57146.webp","https://icodrops.com/taunt-ai/","TGE and Distribution","—","$30 M","Social","Upcoming","","","","","","","",""
"Seedli Capital","SEEDLI","https://icodrops.com/media/cache/45/9f/459f20978b3262b3fbee7c6837450e4e.webp","https://icodrops.com/seedli-capital/","TGE and Distribution","—","$5 M","DeFi","Upcoming","","Polygon (ex-Matic Network)","","","","","",""
"Lern360","LERN","https://icodrops.com/media/cache/23/94/2394d0a36b9f400d25cfb80e5d32f5f2.webp","https://icodrops.com/lern360/","TGE and Distribution","—","$200 M","Artificial Intellig…","Upcoming","","","","","","","",""
"Moseiki","","https://icodrops.com/media/cache/18/2b/182b1b4953b02af81078e2875602228a.webp","https://icodrops.com/moseiki/","TGE and Distribution","$700 K","$10 M","Social","Upcoming","","","","","","","",""
"AIDEFI","AIDEFI","https://icodrops.com/media/cache/94/5c/945c7fe5c386968bf9df421936c35877.webp","https://icodrops.com/aidefi/","TGE and Distribution","—","$150 K","DeFi","Upcoming","","","","","","","",""
"RateX.AI","","https://icodrops.com/media/cache/30/8b/308be007bae58431427e730c1030c80a.webp","https://icodrops.com/ratexai/","TGE and Distribution","$3 M","—","Analytics","Upcoming","","","","","","","",""
"Gambit","GAMBIT","https://icodrops.com/media/cache/50/ff/50ffa933340d808f0c4eb8cdbfc3bce3.webp","https://icodrops.com/gambit/","TGE and Distribution","—","$12 M","Bets","Upcoming","","Base","","","","","",""
"Phron AI","ZPHR","https://icodrops.com/media/cache/81/01/8101bee742930595cb332e19c5426a56.webp","https://icodrops.com/phron-ai/","TGE and Distribution","—","$1 M","Artificial Intellig…","Upcoming","","Solana","","","","","",""
"Betura","BETURA","https://icodrops.com/media/cache/47/e5/47e5080569790087d67c8abe20568981.webp","https://icodrops.com/betura/","TGE and Distribution","—","$2.5 M","Bets","Upcoming","","Solana","","","","","",""
"Lendr.fi","RWAL","https://icodrops.com/media/cache/ed/c7/edc7979a439bfc3bc1820c81fa266c6d.webp","https://icodrops.com/lendr-fi/","TGE and Distribution","$600 K","$300 M","DeFi","Upcoming","","Avalanche Foundation","Brinc","Colony Lab","More Details","","",""
"Dynamo Protocol","DYNAMO","https://icodrops.com/media/cache/a2/00/a2008172356f6b536bdb35aedb1f7fcf.webp","https://icodrops.com/dynamo-protocol/","TGE and Distribution","—","—","DeFi","Upcoming","","","","","","","",""
"RISE Chain","","https://icodrops.com/media/cache/2e/b9/2eb96186e0e863fb989604173a6e9493.webp","https://icodrops.com/rise-chain/","TGE and Distribution","$7.2 M","—","Blockchain","Upcoming","","Vitalik Buterin","Galaxy","Stani Kulechov","More Details","","",""
"XorionChain","XOR","https://icodrops.com/media/cache/65/40/654019fc624dc02f4db3470489746294.webp","https://icodrops.com/xorionchain/","TGE and Distribution","—","$60 M","Blockchain","Upcoming","","Polkadot","","","","","",""
"PIN AI","","https://icodrops.com/media/cache/78/0a/780ac0a487302c1740efb0df670cba9d.webp","https://icodrops.com/pin-ai/","TGE and Distribution","$10 M","—","Artificial Intellig…","Upcoming","","Andreessen Horowitz (a16z)","Hack VC","Alumni Ventures","More Details","","",""
"AfriCred","IFT","https://icodrops.com/media/cache/7c/60/7c60cb3f5771bdcaf3c050f632067ed1.webp","https://icodrops.com/africred/","Presale","—","$26 M","Finance","Upcoming","","Binance coin","","","","","",""
"VOX","VOX","https://icodrops.com/media/cache/60/04/60041b4beabd3979d3c4c265614f4ae5.webp","https://icodrops.com/vox/","TGE and Distribution","—","$1.72 M","Trading","Upcoming","","","","","","","",""
"8x Capital","8x","https://icodrops.com/media/cache/db/32/db32af8481f733067d88eabf402689b5.webp","https://icodrops.com/8x-capital/","IDO on BSClaunch","—","$10 M","DeFi","Upcoming","","","","","","","",""
"Bitcoin Hyper","HYPER","https://icodrops.com/media/cache/91/84/9184770d8dd1bf55b2f8afebd1d2967b.webp","https://icodrops.com/bitcoin-hyper/","TGE and Distribution","$29.29 M","$282.98 M","Layer2","Upcoming","","Binance coin","Solana","Ethereum","","","",""
"Kuru","","https://icodrops.com/media/cache/f3/18/f318a86d03ad1939b6799042305092fd.webp","https://icodrops.com/kuru/","TGE and Distribution","$13.6 M","—","DeFi","Upcoming","","Brevan Howard","Electric Capital","Paradigm","More Details","Monad","",""
"Cogni AI Agents","COGNI","https://icodrops.com/media/cache/4a/3d/4a3de09fbe0b23e1c8b98e607f520f89.webp","https://icodrops.com/cogni-ai-agents/","TGE and Distribution","$219.6 K","$180 M","Artificial Intellig…","Upcoming","","Ethereum","","","","","",""
"EternalMoon","ETM","https://icodrops.com/media/cache/52/d9/52d9608ac3a3a7dcc2eb123f9fe3f6d0.webp","https://icodrops.com/eternalmoon/","TGE and Distribution","—","—","RWA (Real World Ass…","Upcoming","","","","","","","",""
"Rank Trading","RAN","https://icodrops.com/media/cache/54/8b/548bd137a92e19cf050b889bb4f0061c.webp","https://icodrops.com/rank-trading/","TGE and Distribution","—","$2 M","DeFi","Upcoming","","Binance coin","","","","","",""
"Friendly Giant AI","GIANTAI","https://icodrops.com/media/cache/33/80/3380ee366f61e0092a41923778567350.webp","https://icodrops.com/friendly-giant-ai/","TGE and Distribution","—","$5 M","AI Agents","Oct 31, 2025","","","","","","","",""
"Inference Labs","","https://icodrops.com/media/cache/d4/43/d443e0812d274bed3d900443e8894a8b.webp","https://icodrops.com/inference-labs/","TGE and Distribution","$2.3 M","—","Infrastructure","Upcoming","","Delphi Digital (Delphi Labs)","BitScale Capital","Mechanism Capital","More Details","","",""
"Perceptron Network (ex Block Me…","BMH","https://icodrops.com/media/cache/b7/e3/b7e3bfe36f488a72d2d89519eef77823.webp","https://icodrops.com/blockmesh-network/","TGE and Distribution","—","—","Infrastructure","Upcoming","","Selini Capital","Momentum 6","P2 Ventures","More Details","","",""
"Durian.win","DUR","https://icodrops.com/media/cache/fe/76/fe762a473aee65c82f1d3ac267cdbafa.webp","https://icodrops.com/durianwin/","TGE and Distribution","—","—","Trade","Upcoming","","","","","","","",""
"Grafilab","GRAFI","https://icodrops.com/media/cache/ee/76/ee76e14061eaab491f07fd467bc48884.webp","https://icodrops.com/grafilab/","TGE and Distribution","$50 K","—","Infrastructure","Upcoming","","Solana","","","","","",""
"AIRO","AIRO","https://icodrops.com/media/cache/7b/e3/7be3b5457966b94b8263b3a1d348e868.webp","https://icodrops.com/airo/","TGE and Distribution","—","—","AI Agents","Upcoming","","","","","","","",""
"Hedgecast AI","HEDGE","https://icodrops.com/media/cache/f4/23/f4236c7f2feae5c178a0e86ff79a01d7.webp","https://icodrops.com/hedgecast-ai/","IDO on Poolz","—","$2.35 M","AI Agents","Upcoming","","","","","","","",""
"Electron","","https://icodrops.com/media/cache/2b/62/2b62743cb7c9bbf7870cb7d007baf82b.webp","https://icodrops.com/electron-2/","TGE and Distribution","$1 M","—","Infrastructure","Upcoming","","Sandeep Nailwal","Aniket Jindal","Anurag Arjun","More Details","Ethereum","",""
"BitSwapix","BITS","https://icodrops.com/media/cache/9e/7b/9e7babb2dc7c7f5eff4c2478c9a1091a.webp","https://icodrops.com/bitswapix/","TGE and Distribution","$4.83 M","—","DeFi","Upcoming","","","","","","","",""
"eOracle","","https://icodrops.com/media/cache/71/b7/71b7a62f12008f88dfc87ba843f9c677.webp","https://icodrops.com/eoracle/","ICM on Legion","—","—","Oracle","Upcoming","","Ethereum","","","","","",""
"Nil","","https://icodrops.com/media/cache/7c/14/7c1440b81ef06de7a61d63128775ae36.webp","https://icodrops.com/nil/","TGE and Distribution","$600 K","—","Layer2","Upcoming","","Ethereum","","","","","",""
"0xVM","XVM","https://icodrops.com/media/cache/67/c7/67c7c91046958a64136a4b8ff607e031.webp","https://icodrops.com/0xvm/","Public Sale","$5.2 M","—","Bitcoin Ecosystem","Upcoming","","Jump Crypto","HTX Ventures (previously Huobi Ventures)","Signum Capital","More Details","Bitcoin","",""
"CLAPART","CLP","https://icodrops.com/media/cache/34/02/340289857b50a8283abd4e673975ceda.webp","https://icodrops.com/clapart/","IDO on Kommunitas","$200 K","—","Social","Upcoming","","","","","","","",""
"Injex Finance","INJX","https://icodrops.com/media/cache/88/8c/888cdbe95b47a6b7ab73d06df72a9da7.webp","https://icodrops.com/injex-finance/","TGE and Distribution","$553 K","$30 M","DeFi","Upcoming","","Injective Protocol","","","","","",""
"BitU","BITU","https://icodrops.com/media/cache/e0/2a/e02ac27fee1b4f4a58740a9fe12b743e.webp","https://icodrops.com/bitu/","TGE and Distribution","—","—","DeFi","Upcoming","","","","","","","",""
"Frame","FRAME","https://icodrops.com/media/cache/f7/e8/f7e869817d097c21c1621629279a28a6.webp","https://icodrops.com/frame/","TGE and Distribution","—","—","Blockchain","Upcoming","","Electric Capital","0xMaki","0xmons","More Details","","",""
"OpenSea","SEA","https://icodrops.com/media/cache/9d/05/9d054bd7c25638544779f0daf9e5aab7.webp","https://icodrops.com/opensea/","TGE and Distribution","$425.15 M","—","NFT","Upcoming","","1confirmation","Andreessen Horowitz (a16z)","Balaji Srinivasan","More Details","","",""
"Unibit","UIBT","https://icodrops.com/media/cache/ee/7e/ee7ec1ff35a874643c6e1eafeea3d231.webp","https://icodrops.com/unibit/","TGE and Distribution","—","$12 M","Blockchain Service","Upcoming","","Gains Associates","Green Arrow Ventures","Ethereum","","","",""
"Nansen","NSN","https://icodrops.com/media/cache/ad/c2/adc2c4748bdaa9d4f7802a9205ee2355.webp","https://icodrops.com/nansen/","TGE and Distribution","$88.2 M","—","Blockchain Service","Upcoming","","Andreessen Horowitz (a16z)","BitScale Capital","Coinbase Ventures","More Details","","",""
"Debank","","https://icodrops.com/media/cache/a7/2e/a72e347a72efde06055362e3c9a5f0e8.webp","https://icodrops.com/debank/","TGE and Distribution","$25 M","—","Blockchain Service","Upcoming","","HongShan (ex-Sequoia China)","Coinbase Ventures","Crypto.com","More Details","Ethereum","Polygon (ex-Matic Network)",""
"Kakarot zkEVM","","https://icodrops.com/media/cache/39/18/3918d31d1d0e0dceb4eaa50ab35a295e.webp","https://icodrops.com/kakarot-zkevm/","TGE and Distribution","—","—","Layer-2","Upcoming","","Vitalik Buterin","CMS Holdings","Fenbushi Capital","More Details","Ethereum","StarkNet",""
"Kresus","","https://icodrops.com/media/cache/5d/02/5d02a3fac7f8d914d116b2d41ccf0687.webp","https://icodrops.com/kresus/","TGE and Distribution","$38 M","—","Wallet","Upcoming","","Hanwha Investment & Securities","","","","","",""
"Polynomial Protocol","","https://icodrops.com/media/cache/89/38/8938b63800762c9ac85a0d82c4cefe52.webp","https://icodrops.com/polynomial-protocol/","TGE and Distribution","$1.1 M","—","DeFi","Upcoming","","Pantera Capital","Alliance","Divergence Ventures","More Details","","",""
"CCP Games","","https://icodrops.com/media/cache/91/cb/91cb9ab5166e3bf9d4128c802d6d6c81.webp","https://icodrops.com/ccp-games/","TGE and Distribution","$40 M","—","Gaming","Upcoming","","Andreessen Horowitz (a16z)","BITKRAFT Ventures","Hashed","More Details","","",""
"Reya (former Voltz)","REYA","https://icodrops.com/media/cache/57/6b/576b0ba0f2c68f626b0e1fc6612956d2.webp","https://icodrops.com/reya/","TGE and Distribution","$16 M","$150 M","DeFi","Upcoming","","Brevan Howard","Framework Ventures","Amber Group","More Details","","",""
"Huddle01","HUDL","https://icodrops.com/media/cache/c6/41/c6410694a633d801a4322adb94a04f8c.webp","https://icodrops.com/huddle01/","TGE and Distribution","$4.5 M","—","Social","Upcoming","","Balaji Srinivasan","Stani Kulechov","LongHash Ventures","More Details","Ethereum","",""
"ZNS Connect","ZNS","https://icodrops.com/media/cache/6a/f6/6af64bee3eecffe8fa860a8d948dc3d0.webp","https://icodrops.com/zns-connect/","TGE and Distribution","—","$16 M","Web 3.0","Upcoming","","Ethereum","","","","","",""
"Mawari","","https://icodrops.com/media/cache/99/f9/99f9ef4aeaaa6ab93dc0bd0af7dbb1c6.webp","https://icodrops.com/mawari/","TGE and Distribution","$17.3 M","—","Blockchain Service","Upcoming","","1kx","Samsung NEXT","Animoca Brands","More Details","","",""
"Rabby Wallet","","https://icodrops.com/media/cache/c3/b7/c3b7c8fc5aeacd3a0864936f82fd956b.webp","https://icodrops.com/rabby-wallet/","TGE and Distribution","$25 M","—","Wallet","Upcoming","","Sequoia Capital","Coinbase Ventures","Crypto.com","More Details","Ethereum","",""
"Setter","","https://icodrops.com/media/cache/ec/10/ec1082e7c8f4717e87b79d76146c5a3d.webp","https://icodrops.com/setter/","TGE and Distribution","$5 M","—","Social","Upcoming","","Andreessen Horowitz (a16z)","Marcy Venture Partners","Serena Williams","More Details","Multichain","",""
"RabbitHole","","https://icodrops.com/media/cache/a7/c9/a7c904890d715ae47eb2dfbc2bc073c1.webp","https://icodrops.com/rabbithole/","TGE and Distribution","$21.6 M","—","Blockchain Service","Upcoming","","Electric Capital","Framework Ventures","ParaFi Capital","More Details","Ethereum","Solana","Optimism"
"N1 (ex Layer N)","","https://icodrops.com/media/cache/eb/fb/ebfb48c6ba067ae71e3815fbd9966173.webp","https://icodrops.com/layer-n/","TGE and Distribution","$7 M","—","Blockchain","Upcoming","","Founders Fund","Solana Ventures","Kraken","More Details","Ethereum","",""
"Linera","","https://icodrops.com/media/cache/c5/b8/c5b888b447328f43e085fbd42d3f5736.webp","https://icodrops.com/linera/","TGE and Distribution","$12 M","—","Infrastructure","Upcoming","","Andreessen Horowitz (a16z)","Tribe Capital","Eterna Capital","More Details","","",""
"Zoth","ZOTH","https://icodrops.com/media/cache/fb/ce/fbce0bff1c795ca411111bbf787288e2.webp","https://icodrops.com/zoth/","TGE and Distribution","$21.5 M","—","DeFi","Upcoming","","Momentum 6","Outlier Ventures","Borderless Capital","More Details","Ethereum","",""
"EstateX","ESX","https://icodrops.com/media/cache/6b/10/6b10be62113e1c17329617753a4c1840.webp","https://icodrops.com/estatex/","IDO on Seedify","—","$1.92 M","Real Estate","Upcoming","","GD10 Ventures","Binance coin","","","","",""
"Ponder","PNDR","https://icodrops.com/media/cache/88/a8/88a8fc4bf13af1a45707dbaacbaaff5b.webp","https://icodrops.com/ponder-one/","IDO on WePad","—","$10 M","DeFi","Upcoming","","ZBS Capital","Basics Capital","MH Ventures","More Details","","",""
"SpartaDEX","SPARTA","https://icodrops.com/media/cache/d9/4d/d94dc6f33c5bdf6fb4e818bcad7b431f.webp","https://icodrops.com/spartadex/","Airdrop","$350 K","$1.55 M","DEX","Upcoming","","Arbitrum","","","","","",""
"Finblox","FBX","https://icodrops.com/media/cache/f4/3c/f43c5e2f5cc3334e3b3032bc9f0f1f0b.webp","https://icodrops.com/finblox/","IDO","$7.95 M","$51.97 K","DeFi","Upcoming","","CoinFund","Dragonfly Capital","Peak XV Partners(ex-Sequoia India)","More Details","","",""
"Archer","","https://icodrops.com/media/cache/68/92/68923b4b16de05d2a1a1fa71c0a2f15a.webp","https://icodrops.com/archer/","Private Stage","—","—","DEX","Upcoming","","Solana","","","","","",""
"NEWITY","","https://icodrops.com/media/cache/48/25/48250aeb88d233e728775de4053f22b0.webp","https://icodrops.com/newity/","Private Stage","$11 M","—","Finance","Upcoming","","CMT Digital","","","","","",""
"Dome","","https://icodrops.com/media/cache/24/f8/24f8cd94e38294efd20f1d96b0dbe497.webp","https://icodrops.com/dome/","Private Stage","—","—","Blockchain Service","Upcoming","","Polymarket","","","","","",""
"Novig","","https://icodrops.com/media/cache/b4/99/b49987e7e310cc27385239492371749e.webp","https://icodrops.com/novig/","Private Stage","$100.2 M","$500 M","Predictions","Upcoming","","Multicoin Capital","Pantera Capital","NFX","More Details","","",""
"XO Market","","https://icodrops.com/media/cache/93/64/9364e94dffed5cc16032e86a05cf2cc6.webp","https://icodrops.com/xo-market/","Private Stage","$6.5 M","—","DeFi","Upcoming","","Coinbase Ventures","Delphi Ventures","20VC","More Details","","",""
"Echo","","https://icodrops.com/media/cache/af/59/af596af7fe9ddbb2acbbee2c4fde3faf.webp","https://icodrops.com/echo/","Private Stage","$375 M","—","Launchpad","Upcoming","","Coinbase Ventures","","","","","",""
"Bitwise","","https://icodrops.com/media/cache/fc/75/fc75d91e2a813b31149f31fc1b95607f.webp","https://icodrops.com/bitwise/","Private Stage","$154.5 M","$500 M","Finance","Upcoming","","Blockchain Capital","Electric Capital","Naval Ravikant","More Details","","",""
"Rena Labs","","https://icodrops.com/media/cache/91/d1/91d1990e8b7eac8da51f4969a29c0c98.webp","https://icodrops.com/rena-labs/","Private Stage","$3.3 M","—","Infrastructure","Upcoming","","Faction","Selini Capital","Eterna Capital","More Details","","",""
"Zodia Custody","","https://icodrops.com/media/cache/b0/67/b067c336f3779ba96a2b388e7b7dff69.webp","https://icodrops.com/zodia-custody/","Private Stage","$36 M","—","Finance","Upcoming","","Emirates NBD","SBI Digital Asset Holdings","SC Ventures","More Details","","",""
"OpenBrick","","https://icodrops.com/media/cache/cf/eb/cfebec9417ae96c1600b58df26b4aa95.webp","https://icodrops.com/openbrick/","Private Stage","—","—","Real Estate","Upcoming","","SIX Group","Hedera Hashgraph","","","","",""
"Nametag","","https://icodrops.com/media/cache/7e/c6/7ec6171b8c953efaebbb198216b7a526.webp","https://icodrops.com/nametag/","Private Stage","$2 M","—","Blockchain Service","Upcoming","","Coinbase Ventures","Continue Capital","OKX Ventures","More Details","","",""
"TrueX","","https://icodrops.com/media/cache/48/c4/48c4782cddf0626be321a08908585db7.webp","https://icodrops.com/truex/","Private Stage","$20 M","—","CEX","Upcoming","","Variant","Accomplice","Hack VC","More Details","","",""
"Future Primitive","","https://icodrops.com/media/cache/b4/e6/b4e6e173d7db603edbbd3b5f7e65d18f.webp","https://icodrops.com/future-primitive/","Private Stage","—","—","Blockchain Service","Upcoming","","","","","","","",""
"Fermah","","https://icodrops.com/media/cache/bd/29/bd29c90b1b47777c62663c07e631a18c.webp","https://icodrops.com/fermah/","Private Stage","$5.2 M","—","Zero Knowledge","Upcoming","","Andreessen Horowitz (a16z)","Balaji Srinivasan","Bankless","More Details","","",""
"Banyan","","https://icodrops.com/media/cache/76/c2/76c2c8ea90e6354c4f4b89e9fb90f363.webp","https://icodrops.com/banyan/","Private Stage","—","—","Artificial Intellig…","Upcoming","","","","","","","",""
"TMRW","","https://icodrops.com/media/cache/3c/33/3c33db92c8afdeaef822983f04c67531.webp","https://icodrops.com/tmrw/","Private Stage","$1.3 M","—","Infrastructure","Upcoming","","Brad Mills","Maple VC","","","","",""
"Sorella","","https://icodrops.com/media/cache/45/b9/45b99cb8680ff57b873d6534be5c9900.webp","https://icodrops.com/sorella/","Private Stage","$7.5 M","—","DeFi","Upcoming","","Paradigm","Bankless","Nascent","More Details","","",""
"Lukka","","https://icodrops.com/media/cache/4c/f8/4cf8467a0c94393bd227fc13dc40250f.webp","https://icodrops.com/lukka/","Private Stage","$140.5 M","$1.3 B","Blockchain Service","Upcoming","","Animoca Brands","Ben Davenport","James Pallotta","More Details","","",""
"BlonkFi","","https://icodrops.com/media/cache/5b/7a/5b7a96fe350839259497b4ea9696c599.webp","https://icodrops.com/blonkfi/","Private Stage","—","—","DeFi","Upcoming","","Manifold Trading","Kyros Ventures","Signum Capital","More Details","","",""
"Etherfuse","","https://icodrops.com/media/cache/70/43/70438446c4683c42f531e3760f2d427b.webp","https://icodrops.com/etherfuse/","Private Stage","$3 M","$12.5 M","DeFi","Upcoming","","FunFair Ventures","North Island Ventures","Stellar Foundation","More Details","Solana","",""
"Caliza","","https://icodrops.com/media/cache/6d/b2/6db29505433c69d437dd6f3ea23c5eee.webp","https://icodrops.com/caliza/","Private Stage","$8.5 M","—","Finance","Upcoming","","Digital Currency Group (DCG)","Initialized Capital","Abstract Ventures","More Details","","",""
"RECRD","","https://icodrops.com/media/cache/c3/7e/c37ea46c6c891e7006de49a6834215f6.webp","https://icodrops.com/recrd/","Private Stage","$4 M","—","Social","Upcoming","","Alphabit Digital Currency Fund","DNA Fund","Mitch Lowe","More Details","","",""
"Stillman Digital","","https://icodrops.com/media/cache/63/cb/63cb5b6a6738d794e2c182bcc5b3846d.webp","https://icodrops.com/stillman-digital/","Private Stage","—","—","Finance","Upcoming","","DeFi Technologies","","","","","",""
"Mamori","","https://icodrops.com/media/cache/1a/0a/1a0a4cba7217f3167dfa7b7f05620160.webp","https://icodrops.com/mamori/","Private Stage","$5 M","—","Blockchain Service","Upcoming","","Blockchain Capital","Alex Watts","Antonio Viggiano","More Details","","",""
"ZTLment","","https://icodrops.com/media/cache/50/d6/50d6d16268e24f56c576a9d57c263208.webp","https://icodrops.com/ztlment/","Private Stage","—","—","Infrastructure","Upcoming","","","","","","","",""
"AIET","","https://icodrops.com/media/cache/50/eb/50eba1ac5349ed6507ddf8b82d0dabb3.webp","https://icodrops.com/aiet/","Private Stage","—","—","Blockchain infrastr…","Upcoming","","","","","","","",""
"FuelOnBlast","","https://icodrops.com/media/cache/ab/ab/abab360997514ee1fead3c6014779795.webp","https://icodrops.com/fuelonblast/","Private Stage","—","—","Web 3.0","Upcoming","","","","","","","",""
"Teex","","https://icodrops.com/media/cache/b1/33/b13361e7babbc15d54e0ad0122b9d9b3.webp","https://icodrops.com/teex/","Private Stage","—","—","Cloud computing","Upcoming","","","","","","","",""
"Dora","","https://icodrops.com/media/cache/30/fc/30fcdb2cf35cd557ff8413c45c4bd0ba.webp","https://icodrops.com/dora/","Private Stage","—","—","Blockchain","Upcoming","","Dragonfly Capital","Lemniscap","Alchemy","More Details","","",""
"MOTIV Protocol","MOV","https://icodrops.com/media/cache/18/1d/181d77e162952f075bd37376ad7f33ce.webp","https://icodrops.com/motiv-protocol/","Private Stage","—","$5 K","Education","Upcoming","","Ethereum","","","","","",""
"SandBags Protocol","","https://icodrops.com/media/cache/8c/e0/8ce0f8cbeea57fc7cc8c17f78da6d664.webp","https://icodrops.com/sandbags-protocol/","Private Stage","—","—","Protocol","Upcoming","","","","","","","",""
"Growth","","https://icodrops.com/media/cache/16/90/16904706eb67b407ece2725060a300ac.webp","https://icodrops.com/growth/","Private Stage","—","—","Protocol","Upcoming","","","","","","","",""
"ODX (Ordinox)","","https://icodrops.com/media/cache/b5/cc/b5ccb21fc69c07e656f1b962e73113d0.webp","https://icodrops.com/ordinox/","Private Stage","$1.26 M","—","DeFi","Upcoming","","CMS Holdings","Digital Asset Capital Management (DACM)","Outlier Ventures","More Details","Cosmos","",""
"Gudchain","","https://icodrops.com/media/cache/20/89/20896f72878c002da3dd68d31ac86d1d.webp","https://icodrops.com/gudchain/","Private Stage","$5 M","—","Gaming","Upcoming","","Manifold Trading","Mechanism Capital","Morningstar Ventures","More Details","","",""
"Bring","","https://icodrops.com/media/cache/f0/b4/f0b4aaab94f07f41b1c655134a2b559a.webp","https://icodrops.com/bring-2/","Private Stage","$1.1 M","—","Social","Upcoming","","StarkWare Industries","","","","","",""
"Rango Exchange","","https://icodrops.com/media/cache/d2/3c/d23c24d67f787688c9d066852ec78e7d.webp","https://icodrops.com/rango-exchange/","Private Stage","—","—","DeFi","Upcoming","","YZi Labs (prev Binance Labs)","D1 Ventures","Foresight Ventures","More Details","","",""
"Zeek Network","","https://icodrops.com/media/cache/fd/be/fdbebe0bb71e0649467bc4e271d7ff13.webp","https://icodrops.com/zeek-network/","Private Stage","$3 M","—","Social","Upcoming","","OKX Ventures","Animoca Brands","Arche Fund","More Details","","",""
"Wasabi","","https://icodrops.com/media/cache/67/79/6779d9182017f8675a22c86262ce2723.webp","https://icodrops.com/wasabi/","Private Stage","$3 M","—","DeFi","Upcoming","","Electric Capital","Alliance","CoinGecko Ventures","More Details","Ethereum","",""
"Qiro Finance","","https://icodrops.com/media/cache/c4/29/c4298e059bc91eb826277368e1a7fcc9.webp","https://icodrops.com/qiro-finance/","Private Stage","$1.2 M","—","DeFi","Upcoming","","Alliance","CMT Digital","Druid Ventures","More Details","","",""
"Skytopia","","https://icodrops.com/media/cache/40/42/4042a4fbf5c8882a943ddedb51ae72c8.webp","https://icodrops.com/skytopia/","Private Stage","$2.4 M","—","Gaming","Upcoming","","Boyaa","Initiate Capital","SuperChain Capital","More Details","","",""
"Rio Network","","https://icodrops.com/media/cache/16/5a/165a58a9c168ff3f5e4226f0b1c81527.webp","https://icodrops.com/rio-network/","Private Stage","—","—","DeFi","Upcoming","","Blockchain Capital","Polychain Capital","Coinbase Ventures","More Details","Ethereum","",""
"Nexus Network","","https://icodrops.com/media/cache/ba/cb/bacb9ea402559b7c24d579455b2be131.webp","https://icodrops.com/nexus-network/","Private Stage","$1 M","—","DeFi","Upcoming","","CoinIX","Ajit Tripathi","BreakOrbit","More Details","","",""
"Ava Protocol","","https://icodrops.com/media/cache/4b/8a/4b8aa1e8939b13008188552274c72c41.webp","https://icodrops.com/ava-protocol/","Private Stage","$15.5 M","—","Infrastructure","Upcoming","","Electric Capital","Hypersphere Ventures","Foundation Capital","More Details","","",""
"Squads","","https://icodrops.com/media/cache/0c/0f/0c0fd1f6896fb636fc428ecb53d2aa54.webp","https://icodrops.com/squads/","Private Stage","$40.2 M","—","Blockchain Service","Upcoming","","Delphi Digital (Delphi Labs)","Electric Capital","Jump Crypto","More Details","Solana","",""
"Honeypot Finance","HPOT","https://icodrops.com/media/cache/eb/4c/eb4c815b8804ac413584d85269e83d72.webp","https://icodrops.com/honeypot-finance/","Private Stage","$1.3 M","$35 M","DeFi","Upcoming","","0xsky404","AC Capital","Aquanow","More Details","Berachain","",""
"Crypto: The Game","","https://icodrops.com/media/cache/59/f6/59f679875ad66ebddf6686bc17fc3ca6.webp","https://icodrops.com/crypto-the-game/","Private Stage","—","—","Gaming","Upcoming","","Uniswap","","","","","",""
"K3 Labs","","https://icodrops.com/media/cache/9d/51/9d51857749bd6acfe7de4eed2baaeb14.webp","https://icodrops.com/k3-labs/","Private Stage","—","—","Infrastructure","Upcoming","","Aztlan Capital","Blockchain Founders Fund","Finality Capital Partners","","","",""
"Bitstamp","","https://icodrops.com/media/cache/dd/f3/ddf3a7acb40d4cd4c3d4016511d3948b.webp","https://icodrops.com/bitstamp/","Private Stage","$411.3 M","—","CEX","Upcoming","","Pantera Capital","BnkToTheFuture","Robinhood","","","",""
"Marketnode","","https://icodrops.com/media/cache/cd/c8/cdc8f0fe0c45845a4b6e71f414f86d57.webp","https://icodrops.com/marketnode/","Private Stage","—","—","Infrastructure","Upcoming","","Euroclear","HSBC Bank","Temasek Holdings","","","",""
"Unlockit","","https://icodrops.com/media/cache/a7/48/a74850dff3605dea3988207ad545c577.webp","https://icodrops.com/unlockit/","Private Stage","$1.52 M","—","Finance","Upcoming","","Eaglestone Group","Portugal Ventures","Reorganiza","More Details","","",""
"Alphaledger","","https://icodrops.com/media/cache/a8/31/a8313590e15acf3cdd3796a415cfbcf3.webp","https://icodrops.com/alphaledger/","Private Stage","$9.5 M","—","Finance","Upcoming","","EJF Capital","KDX","","","","",""
"Balcony DAO","","https://icodrops.com/media/cache/aa/97/aa9760bdb09c5247e32b181d3bccb219.webp","https://icodrops.com/balcony-dao/","Private Stage","—","—","Finance","Upcoming","","Blizzard Fund (Avalanche Ecosystem)","","","","","",""
"L3E7","","https://icodrops.com/media/cache/bc/70/bc707e6e7f35c7895263e4e22690de84.webp","https://icodrops.com/l3e7/","Private Stage","$10 M","—","Gaming","Upcoming","","OKX Ventures","The Spartan Group","Big Brain Holdings","More Details","","",""
"Chakra","","https://icodrops.com/media/cache/8a/69/8a69000f7cc66cb5c2376b5e16d1b9c4.webp","https://icodrops.com/chakra/","Private Stage","—","—","DeFi","Upcoming","","Bixin Ventures","ABCDE Capital","Cogitent Ventures","More Details","Bitcoin","",""
"Adot","","https://icodrops.com/media/cache/df/3a/df3a595c377a2bf09844c26fc46c1cad.webp","https://icodrops.com/adot/","Private Stage","$3 M","—","Artificial Intellig…","Upcoming","","gumi Cryptos Capital","Aptos","Hash Global","More Details","","",""
"Runes DEX","","https://icodrops.com/media/cache/b2/48/b248ad95b5d900ef9f7b8fc957bba7f0.webp","https://icodrops.com/runes-dex/","Private Stage","$2 M","—","DEX","Upcoming","","0xMaki","Mechanism Capital","Kenetic Capital","More Details","","",""
"Superlogic","","https://icodrops.com/media/cache/8b/6c/8b6ccbceb6dbf4343bdbaf4da3968915.webp","https://icodrops.com/superlogic/","Private Stage","$21.3 M","$200 M","Marketing","Upcoming","","Galaxy Interactive","Nima Capital","Sanctor Capital","More Details","","",""
"HQLAx","","https://icodrops.com/media/cache/1f/e5/1fe54cec9994b8cefb7edb756f2c4d4e.webp","https://icodrops.com/hqlax/","Private Stage","$27.5 M","—","Finance","Upcoming","","Goldman Sachs","BNP Paribas Private Equity","BNY Mellon","More Details","","",""
"Bitbrand","","https://icodrops.com/media/cache/3e/91/3e917636311a0e870df30c1e86d15a9d.webp","https://icodrops.com/bitbrand/","Private Stage","$500 K","—","NFT","Upcoming","","GFR Fund","Hustle Fund","Side Door Ventures","","","",""
"Rollie Finance","","https://icodrops.com/media/cache/96/ab/96ab3215b08f84c0c6741c1af928053b.webp","https://icodrops.com/rollie-finance/","Private Stage","—","—","DeFi","Upcoming","","Animoca Brands","Alex Lee","Kate Wong","More Details","Scroll","",""
"SX Network","SX","https://icodrops.com/media/cache/78/10/7810180c06b0950cb5fab78833b3ba63.webp","https://icodrops.com/sx-network/","Private Stage","$9.5 M","$13.44 M","Gambling","Upcoming","","CMS Holdings","Hack VC","Naval Ravikant","More Details","Ethereum","",""
"Stack","","https://icodrops.com/media/cache/61/e2/61e218bfa256186a70147b371c8c589b.webp","https://icodrops.com/stack/","Private Stage","$3 M","—","Blockchain Service","Upcoming","","Balaji Srinivasan","a_capital","Coinbase Ventures","More Details","","",""
"QED Protocol","","https://icodrops.com/media/cache/6a/c3/6ac30ed1816560783ef6677874d79dc0.webp","https://icodrops.com/qed-protocol/","Private Stage","$9 M","—","Infrastructure","Upcoming","","Blockchain Capital","Arrington Capital","Draper Dragon","More Details","","",""
"Talus network","","https://icodrops.com/media/cache/a2/e6/a2e6d893a874664de821f88c9cbfd2d3.webp","https://icodrops.com/talus-network/","Private Stage","$10 M","$123.7 M","Blockchain Service","Upcoming","","Polychain Capital","TRGC","Animoca Brands","More Details","","",""
"Shuffle","SHFL","https://icodrops.com/media/cache/f7/5f/f75f953baecb862941be6dfcb378e147.webp","https://icodrops.com/shuffle-2/","Private Stage","$2.5 M","$305.6 M","Gambling","Upcoming","","0xSisyphus","Andrew Kang","Baboon VC","More Details","","",""
"Citrea","","https://icodrops.com/media/cache/6d/77/6d779e9c5d064c0e416e843f82742941.webp","https://icodrops.com/citrea/","Private Stage","$16.7 M","$104 M","Infrastructure","Upcoming","","Balaji Srinivasan","Delphi Digital (Delphi Labs)","Founders Fund","More Details","","",""
"Oobit","OBT","https://icodrops.com/media/cache/7e/45/7e457482eddb7ffcdc5c3e4fde0b5971.webp","https://icodrops.com/oobit/","Private Stage","$25 M","$107.2 M","Cryptocurrency","Upcoming","","468 Capital","Anatoly Yakovenko","CMCC Global","More Details","","",""
"Reboot World","","https://icodrops.com/media/cache/ab/84/ab84e4931f5b2015d8f947fedc448845.webp","https://icodrops.com/reboot-world/","Private Stage","$2.5 M","$3.61 K","Gaming","Upcoming","","Signum Capital","Eureka","PAKA","More Details","Solana","Arbitrum",""
"KIP Protocol","KIP","https://icodrops.com/media/cache/59/5b/595b76e31d6ee551f3b3e6af826ebd52.webp","https://icodrops.com/kip-protocol/","Private Stage","$5 M","$169.8 K","Infrastructure","Upcoming","","DWF Labs","Morningstar Ventures","Tribe Capital","More Details","Ethereum","",""
"Yooldo","YOOL","https://icodrops.com/media/cache/66/1d/661dd2c13e66f43e06ca7d8cb34bd991.webp","https://icodrops.com/yooldo/","Private Stage","$2.5 M","$18.09 M","Gaming","Upcoming","","ConsenSys","Bedrock Capital","doublejump.tokyo","More Details","Ethereum","",""
"Ithaca Protocol","","https://icodrops.com/media/cache/85/9b/859bc2d8218af8496f9f40daf967d357.webp","https://icodrops.com/ithaca-protocol/","Private Stage","$2.5 M","$1.76 M","DeFi","Upcoming","","Cumberland","Wintermute","Andrew Keys","More Details","","",""
"Merlin Chain","MERL","https://icodrops.com/media/cache/10/c7/10c7453d105a92ec8ec0c936400d3736.webp","https://icodrops.com/merlin-chain/","Private Stage","—","$39.35 M","Blockchain","Upcoming","","Amber Group","OKX Ventures","The Spartan Group","More Details","Bitcoin","",""
"Rome Protocol","","https://icodrops.com/media/cache/a4/36/a4360163aa7a2a00d5dfce65a076be74.webp","https://icodrops.com/rome-protocol/","Private Stage","$9 M","—","Infrastructure","Upcoming","","Bankless","Hack VC","HashKey Capital","More Details","Solana","",""
"Synonym Finance","","https://icodrops.com/media/cache/4c/71/4c7135b790b78d8ff4a9a2212c9c3cbb.webp","https://icodrops.com/synonym-finance/","Private Stage","$1.5 M","$4.24 K","DeFi","Upcoming","","Big Brain Holdings","Robot Ventures","Borderless Capital","More Details","","",""
"DeBox","","https://icodrops.com/media/cache/1f/c3/1fc3ef229040c85e89cad94b5caed374.webp","https://icodrops.com/debox/","Private Stage","$2 M","$27.62 M","Social","Upcoming","","DWF Labs","OKX Ventures","ABCDE Capital","More Details","","",""
"AI Arena","","https://icodrops.com/media/cache/75/28/75281ee0d87e83e56de1f39be8ec23f9.webp","https://icodrops.com/ai-arena/","Private Stage","$11 M","$34.2 M","Gaming","Upcoming","","Framework Ventures","Paradigm","SevenX Ventures","More Details","","",""
"Tevaera","","https://icodrops.com/media/cache/ee/f0/eef0b146e7ba4f75c73f6f940244f797.webp","https://icodrops.com/tevaera/","Private Stage","$2.07 M","$2.64 M","Gaming","Upcoming","","OKX Ventures","Spark Digital Capital","Bybit","More Details","zkSync","",""
"Saros Finance","","https://icodrops.com/media/cache/d9/8c/d98c58a7af3e7b6a2c5fb9536fc21e88.webp","https://icodrops.com/saros-finance/","Private Stage","$3.75 M","$2.35 M","DeFi","Upcoming","","Hashed","Solana Ventures","The Spartan Group","More Details","Solana","",""
"EZswap","","https://icodrops.com/media/cache/62/4c/624cd5e528b3a8a2f1e0662046ede3db.webp","https://icodrops.com/ezswap/","Private Stage","$1 M","$53.71 K","DeFi","Upcoming","","EOS Network Foundation","IOBC Capital","Momentum Capital","","","",""
"ISSP","","https://icodrops.com/media/cache/18/fa/18fa3afb573b95b95c1312068303c72c.webp","https://icodrops.com/issp/","Private Stage","—","$1.27 K","Infrastructure","Upcoming","","KuCoin Ventures","","","","","",""
"4EVERLAND","","https://icodrops.com/media/cache/8a/85/8a853bba4ddf3b9bbbe75e9d3a86918a.webp","https://icodrops.com/4everland/","Private Stage","$3.5 M","$202.56 K","Artificial Intellig…","Upcoming","","FBG Capital","Fenbushi Capital","Bixin Ventures","More Details","","",""
"Fyde","","https://icodrops.com/media/cache/4f/08/4f08104a33852936b99a7caf4ab602c7.webp","https://icodrops.com/fyde/","Private Stage","$3.2 M","$62.2 K","DeFi","Upcoming","","Arrington Capital","Merit Circle","Big Brain Holdings","More Details","","",""
"Dovi","","https://icodrops.com/media/cache/24/da/24dafc6b6315699ace1a6ddaa13d4f55.webp","https://icodrops.com/dovi/","Private Stage","—","$7.5 K","Bitcoin Ecosystem","Upcoming","","KuCoin Ventures","","","","","",""
"Gomble","","https://icodrops.com/media/cache/e2/fe/e2fe508deb035a3a4dacf6766c65d686.webp","https://icodrops.com/gomble/","Private Stage","—","$218.1 K","Gaming","Upcoming","","YZi Labs (prev Binance Labs)","The Spartan Group","Animoca Brands","More Details","","",""
"Nayms","NAYM","https://icodrops.com/media/cache/51/94/519416b0a986b9693f87e978e6f6f514.webp","https://icodrops.com/nayms/","Private Stage","$20.1 M","$51.6 K","Insurance","Upcoming","","Coinbase Ventures","The Spartan Group","Woodstock Fund","More Details","","",""
"Tezos Domains","TED","https://icodrops.com/media/cache/58/06/58064f782e9079d45e7cc7ca675c7b60.webp","https://icodrops.com/tezos-domains/","Private Stage","—","$240.03 K","Blockchain Service","Upcoming","","","","","","","",""
"AirDAO","AMB","https://icodrops.com/media/cache/da/d9/dad9d125e5d399f8426a40a302991fe3.webp","https://icodrops.com/airdao/","Private Stage","$10 M","$90.88 K","Blockchain","Upcoming","","DWF Labs","Ethereum","","","","",""
"SYMMIO","","https://icodrops.com/media/cache/38/bb/38bb09dd55f1950dbd8eab2d206eb48b.webp","https://icodrops.com/symmio/","Private Stage","$3.2 M","$6.66 M","DeFi","Upcoming","","gmoney","The Spartan Group","Blockchain Founders Fund","More Details","","",""
"Ten","TEN","https://icodrops.com/media/cache/b6/9a/b69ad2c65edee028474e244798591b85.webp","https://icodrops.com/ten/","Private Stage","$11.03 M","$30 M","Blockchain Service","Upcoming","","DWF Labs","One Block Capital","Big Brain Holdings","More Details","Ethereum","",""
"Coral Finance","","https://icodrops.com/media/cache/23/d4/23d47dfe0f20a7b53d900f296d5191dd.webp","https://icodrops.com/coral-finance/","Private Stage","$5 M","$52.52 K","DEX","Upcoming","","Formless Capital","Gate Ventures","KuCoin Ventures","More Details","","",""
"Halo Wallet","","https://icodrops.com/media/cache/e8/99/e899967dd88ce319ea58b2dc1ca985d8.webp","https://icodrops.com/halo-wallet/","Private Stage","$3 M","$15.41 K","Social","Upcoming","","HashKey Capital","IDG Capital","Cyberport Hong Kong","More Details","","",""
"M^ZERO","","https://icodrops.com/media/cache/95/86/9586f1558e05b0fb10f2b6749594c005.webp","https://icodrops.com/mzero/","Private Stage","$97.5 M","—","DeFi","Upcoming","","Pantera Capital","Polychain Capital","Galaxy","More Details","","",""
"Chaos Labs","","https://icodrops.com/media/cache/0f/8e/0f8e8aad6a780b5ad2f21f33bb6ab1c5.webp","https://icodrops.com/chaos-labs/","Private Stage","$79 M","—","Platform","Upcoming","","Balaji Srinivasan","Jump Crypto","Lightspeed Venture Partners","More Details","Ethereum","",""
"Dymension","DYM","https://icodrops.com/media/cache/8b/b1/8bb1554aa17b78232018c9293313cb1b.webp","https://icodrops.com/dymension/","Private Stage","$6.7 M","$16.15 M","Modular Blockchain","Upcoming","","Big Brain Holdings","MatchboxDAO","Stratos Technologies","","","",""
"GammaSwap","","https://icodrops.com/media/cache/de/ae/deae8e8f60bae6fb15fdf28c7c753ce6.webp","https://icodrops.com/gammaswap/","Private Stage","$1.7 M","$7.96 M","Perpetual","Upcoming","","Manifold Trading","Portico Ventures","Modular Capital","More Details","","",""
"MYX Finance","","https://icodrops.com/media/cache/4d/1a/4d1a16fe8df9af860e1cf5d38d34a4ec.webp","https://icodrops.com/myx-finance/","Private Stage","$10 M","$74.83 M","Perpetual","Upcoming","","HongShan (ex-Sequoia China)","ConsenSys","Hack VC","More Details","","",""
"Farcana","","https://icodrops.com/media/cache/4d/fd/4dfd95bd8bd33cfef0926a981c8d86fb.webp","https://icodrops.com/farcana/","Private Stage","$10.3 M","$4.95 M","Gaming","Upcoming","","Fenbushi Capital","Merit Circle","Rarestone Capital","More Details","","",""
"IntentX","","https://icodrops.com/media/cache/27/92/279298007d200387d1cd9611dacac9df.webp","https://icodrops.com/intentx/","Private Stage","$4.3 M","$5.06 B","DEX","Upcoming","","Manifold Trading","Selini Capital","Kronos Research","More Details","","",""
"Fanton","","https://icodrops.com/media/cache/95/69/95699da7f07144a002e0f0db02141ffb.webp","https://icodrops.com/fanton/","Private Stage","$1 M","$24.42 K","NFT","Upcoming","","Delphi Digital (Delphi Labs)","Animoca Brands","Kenetic Capital","More Details","","",""
"Nirvana Labs","","https://icodrops.com/media/cache/e8/bc/e8bc2c7fd78875c7fe5adb9561f799e7.webp","https://icodrops.com/nirvana-labs/","Private Stage","$11.2 M","—","Infrastructure","Upcoming","","Jump Crypto","Play Ventures","Bitgo","More Details","","",""
"Union","","https://icodrops.com/media/cache/f0/70/f070258ff3b5cdeaccfda6b4cf91284a.webp","https://icodrops.com/union/","Private Stage","$16 M","$2.88 M","Infrastructure","Upcoming","","gumi Cryptos Capital","LongHash Ventures","Nascent","More Details","","",""
"Dmail","","https://icodrops.com/media/cache/d0/86/d086e06dbc561106abede3c48c4397ae.webp","https://icodrops.com/dmail/","Private Stage","—","$9.33 K","Blockchain Service","Upcoming","","FBG Capital","HashKey Capital","Spark Digital Capital","More Details","","",""
"Ethos","","https://icodrops.com/media/cache/8c/c2/8cc230ce1d17dbeaf550553d3ca83b24.webp","https://icodrops.com/ethos/","Private Stage","$4.2 M","$77.89 K","Finance","Upcoming","","Alliance","gumi Cryptos Capital","Tribe Capital","More Details","SUI","",""
"ORA (Hyper Oracle)","","https://icodrops.com/media/cache/c5/3c/c53c95a3c3255328bd21c700d2626849.webp","https://icodrops.com/hyper-oracle/","Private Stage","$23 M","—","Infrastructure","Upcoming","","Polychain Capital","HongShan (ex-Sequoia China)","HashKey Capital","More Details","Ethereum","",""
"Davos Protocol","DAVOS","https://icodrops.com/media/cache/1e/48/1e48c025c3f6f9c5df6a0f9ea5bc99c4.webp","https://icodrops.com/davos-protocol/","Private Stage","$500 K","$6.59 K","Protocol","Upcoming","","P2 Ventures","Sandeep Nailwal","","","","",""
"Cypher Wallet","","https://icodrops.com/media/cache/87/c6/87c69aa8a286f91b85552094310c005a.webp","https://icodrops.com/cypher-wallet/","Private Stage","$4.3 M","$216.6 K","Neobank","Upcoming","","Balaji Srinivasan","Samsung NEXT","Nium","More Details","","",""
"Vertex Protocol","VRTX","https://icodrops.com/media/cache/8b/68/8b680752305bc9be83609f765ab632ba.webp","https://icodrops.com/vertex-protocol/","Private Stage","$10.91 M","$47.1 K","DEX","Upcoming","","Hack VC","HTX Ventures (previously Huobi Ventures)","Jane Street Capital","More Details","Vertex Protocol","",""
"Blue","","https://icodrops.com/media/cache/7a/46/7a46c75fdeda0bdfa3da505f06c27015.webp","https://icodrops.com/blue/","Private Stage","$3.2 M","$33.15 K","Blockchain Service","Upcoming","","Fenbushi Capital","Gate.io","Wave Financial Group","More Details","","",""
"Swan Chain (FilSwan)","","https://icodrops.com/media/cache/d7/4c/d74c0fdded7c53e3e8828d9e050d4dfd.webp","https://icodrops.com/filswan/","Private Stage","$5.89 M","$233.8 K","DePIN","Upcoming","","YZi Labs (prev Binance Labs)","DWF Labs","FBG Capital","More Details","","",""
"Definitive","","https://icodrops.com/media/cache/79/09/7909af9af9f5d0da5595156cc4801f60.webp","https://icodrops.com/definitive/","Private Stage","$4.1 M","$62.82 M","DeFi","Upcoming","","Strobe (Prev. BlockTower Capital)","CMT Digital","Coinbase Ventures","More Details","","",""
"Foundation Devices","","https://icodrops.com/media/cache/7a/30/7a3096eb942dda6b7a385ef0b2111b52.webp","https://icodrops.com/foundation/","Private Stage","$15.9 M","—","Wallet","Upcoming","","Polychain Capital","Arche Capital","BoltVC","More Details","","",""
"Bonfire","","https://icodrops.com/media/cache/d1/74/d1747d4ffc4822576baae95e77f9cd73.webp","https://icodrops.com/bonfire/","Private Stage","$6.2 M","$6.07 M","Platform","Upcoming","","Variant","Coinbase Ventures","Libertus Capital","More Details","","",""
"The Mars","MRST","https://icodrops.com/media/cache/c0/08/c00810da3a2fecc269bb88c52f54a157.webp","https://icodrops.com/the-mars/","Private Stage","$1 M","$148.8 K","Metaverse","Upcoming","","DWF Labs","","","","","",""
"Orbiter Finance","OBT","https://icodrops.com/media/cache/d3/9e/d39e332ae7a0d16b1abf90ad17d517c4.webp","https://icodrops.com/orbiter-finance/","Private Stage","—","$3.44 M","Infrastructure","Upcoming","","Amber Group","Lemniscap","OKX Ventures","More Details","","",""
"Trips","","https://icodrops.com/media/cache/21/ef/21ef832558f384234fcae074f249e0c6.webp","https://icodrops.com/trips/","Private Stage","$2.5 M","—","Social","Upcoming","","Shima Capital","Animal Capital","Blackwood Ventures","More Details","","",""
"Liqwid Finance","LQ","https://icodrops.com/media/cache/9b/53/9b531a3c1d44601db966a26689068221.webp","https://icodrops.com/liqwid-finance/","Private Stage","$2.7 M","$4.87 M","Protocol","Upcoming","","Altonomy","Animoca Brands","Double Peak","More Details","","",""
"Midnight","","https://icodrops.com/media/cache/93/35/9335af0b6c488eb04de13077c1de1a8a.webp","https://icodrops.com/midnight/","Private Stage","$7.5 M","$142.71 M","Gaming","Upcoming","","","","","","","",""
"Vinci Protocol","","https://icodrops.com/media/cache/e2/38/e238179a8d3000201b5d2366ff072ac1.webp","https://icodrops.com/vinci-protocol/","Private Stage","$2.1 M","$2.5 K","NFT","Upcoming","","Signum Capital","TGE Capital","UOB Venture Management","","","",""
"Revv","","https://icodrops.com/media/cache/93/90/9390789ee1ed3fab3822c0dfa003cbb6.webp","https://icodrops.com/revv/","Private Stage","$5.5 M","$262.62 K","NFT","Upcoming","","Tribe Capital","C2Ventures (Csquared)","Digital Asset Capital Management (DACM)","More Details","","",""
"TonUP","","https://icodrops.com/media/cache/fc/bb/fcbb29259d698a6e7bf517c6755711cd.webp","https://icodrops.com/tonup/","Private Stage","—","—","Launchpad","Upcoming","","Waterdrip Capital","MEXC","NewTribe Capital","More Details","","",""
"DappOS","","https://icodrops.com/media/cache/25/70/2570279c04f1178d107c8d5ebde06edf.webp","https://icodrops.com/dappos/","Private Stage","$15.3 M","$231.5 M","Blockchain Service","Upcoming","","YZi Labs (prev Binance Labs)","Polychain Capital","HongShan (ex-Sequoia China)","More Details","","",""
"Upland","","https://icodrops.com/media/cache/f2/f8/f2f846262cf9d7602ee7ca146ac8eb58.webp","https://icodrops.com/upland/","Private Stage","$27 M","$21 M","Gaming","Upcoming","","Animoca Brands","Alumni Ventures","Block.One","More Details","","",""
"SynFutures","","https://icodrops.com/media/cache/cd/b1/cdb17c57882b07fc0755ab5ba54dea6a.webp","https://icodrops.com/synfutures/","Private Stage","$37.4 M","$34.63 M","Perpetual","Upcoming","","Framework Ventures","Pantera Capital","Polychain Capital","More Details","","",""
"Elixir","ELX","https://icodrops.com/media/cache/f3/22/f322f02576a97307006784432eafb944.webp","https://icodrops.com/elixir-2/","Private Stage","$17.6 M","$1.21 M","DeFi","Upcoming","","Amber Group","Hack VC","Manifold Trading","More Details","","",""
"Thala Labs","","https://icodrops.com/media/cache/ff/42/ff4281d15ba444261b80f2bd1c5f29b7.webp","https://icodrops.com/thala-labs/","Private Stage","$6 M","$873.4 K","DeFi","Upcoming","","ParaFi Capital","LedgerPrime","Shima Capital","More Details","Aptos","",""
"Mintify","","https://icodrops.com/media/cache/50/d6/50d61f45edeb07a5d14147c281f0aaef.webp","https://icodrops.com/mintify/","Private Stage","$5 M","$10.09 K","NFT","Upcoming","","Amber Group","Cumberland","Alchemy","More Details","Ethereum","",""
"Arch","","https://icodrops.com/media/cache/6a/f0/6af0ba38da09f7a7cc57e5533699b668.webp","https://icodrops.com/arch-2/","Private Stage","$5 M","—","DeFi","Upcoming","","Digital Currency Group (DCG)","GBV Capital","Ripio","More Details","","",""
"Blowfish","","https://icodrops.com/media/cache/8f/d4/8fd45f88159fed48de5b677297b5a929.webp","https://icodrops.com/blowfish-2/","Private Stage","$11.8 M","—","Blockchain Service","Upcoming","","Paradigm","Dragonfly Capital","Hypersphere Ventures","More Details","Ethereum","",""
"Re Protocol","","https://icodrops.com/media/cache/b3/8c/b38c7caf8f183d1524d9bb0b3a1da062.webp","https://icodrops.com/re/","Private Stage","$21 M","$459.4 M","Real World Assets P…","Upcoming","","Electric Capital","Framework Ventures","Coinbase Ventures","More Details","Avalanche","",""
"ZTX","ZTX","https://icodrops.com/media/cache/64/ff/64ff7987240919610bc40c5c88cf22da.webp","https://icodrops.com/ztx/","Private Stage","$13 M","$143.1 K","Social","Upcoming","","Jump Crypto","Everest Ventures","Collab+Currency","More Details","Ethereum","",""
"Sender","","https://icodrops.com/media/cache/35/97/3597981ee695e326c9bedcc53a32e9c6.webp","https://icodrops.com/sender/","Private Stage","$4.5 M","$93.86 K","Artificial Intellig…","Upcoming","","YZi Labs (prev Binance Labs)","Pantera Capital","Amber Group","More Details","Near Protocol","",""
"Revolving Games","","https://icodrops.com/media/cache/2c/a5/2ca5e31bcae7c8be6f11c5e4ffd993a2.webp","https://icodrops.com/revolving-games/","Private Stage","$25.2 M","—","Gaming","Upcoming","","Pantera Capital","Dapper Labs","Animoca Brands","More Details","","",""
"Exchange Art","","https://icodrops.com/media/cache/bd/ab/bdabd754a7c05a8b6d341daecdda722f.webp","https://icodrops.com/exchange-art/","Private Stage","$3.2 M","$23.59 K","NFT","Upcoming","","Big Brain Holdings","Bonk","Cozomo de Medici","More Details","Solana","",""
"Mellow Protocol","","https://icodrops.com/media/cache/59/50/59505992fdaa44d76a9daf412b01a474.webp","https://icodrops.com/mellow-protocol/","Private Stage","$2.75 M","$70 M","Liquid Staking Prot…","Upcoming","","Arrington Capital","Lemniscap","ParaFi Capital","More Details","Symbiotic","Ethereum",""
"NexGami","","https://icodrops.com/media/cache/7f/2c/7f2c1949eef67dcce0225aea2e71afa6.webp","https://icodrops.com/nexgami/","Private Stage","$4.5 M","$880","Gaming","Upcoming","","Fundamental Labs","HTX Ventures (previously Huobi Ventures)","LBank Ventures","More Details","","",""
"Phaver","","https://icodrops.com/media/cache/26/65/26659507bf8a46abbdf02f22419ff2a4.webp","https://icodrops.com/phaver/","Private Stage","$7 M","$29.7 K","Social","Upcoming","","P2 Ventures","Alphanonce","dao5","More Details","","",""
"CreatorDAO","","https://icodrops.com/media/cache/63/94/63940263c64e594386ce16bf420e650f.webp","https://icodrops.com/creatordao/","Private Stage","$20 M","$37.58 K","DAO","Upcoming","","Andreessen Horowitz (a16z)","6MV (6th Man Ventures)","Alliance","More Details","","",""
"Fair.xyz","","https://icodrops.com/media/cache/17/01/1701c2be5ea0c5e0b2b85bf6b3f6e008.webp","https://icodrops.com/fair-xyz/","Private Stage","$4.5 M","—","Platform","Upcoming","","Eden Block","NFX","Firstminute Capital","More Details","Ethereum","",""
"Big Time","","https://icodrops.com/media/cache/d2/62/d262c1b61ff60954ef552d63f7c7e0f2.webp","https://icodrops.com/big-time/","Private Stage","$10.3 M","$36.21 M","Gaming","Upcoming","","Digital Currency Group (DCG)","OKX Ventures","Circle Ventures","More Details","","",""
"Quasar","QSR","https://icodrops.com/media/cache/81/31/813130c5bd3a57fdf1633f034c5c887f.webp","https://icodrops.com/quasar/","Private Stage","$11.5 M","$15.21 M","DeFi","Upcoming","","Blockchain Capital","Polychain Capital","Shima Capital","More Details","","",""
"Change","","https://icodrops.com/media/cache/ff/39/ff390c875b403ea9c5d3056a7e7b1a14.webp","https://icodrops.com/change/","Private Stage","$5.75 M","$274.85 K","Platform","Upcoming","","Freestyle Capital","Human Ventures","New Enterprise Associates","","","",""
"Contango","","https://icodrops.com/media/cache/8d/f7/8df761a4124097bb571f32963ef3a20f.webp","https://icodrops.com/contango/","Private Stage","$4 M","$3.3 M","Perpetual","Upcoming","","Amber Group","CMS Holdings","Coinbase Ventures","More Details","","",""
"Morpho","MORPHO","https://icodrops.com/media/cache/a0/13/a0136527c1d8e105cbdc632b8bc514b9.webp","https://icodrops.com/morpho/","Private Stage","$244.35 M","$2.5 B","Lending Platform","Upcoming","","Andreessen Horowitz (a16z)","Brevan Howard","Pantera Capital","More Details","","",""
"Gnosis Safe","","https://icodrops.com/media/cache/2d/04/2d04cf264f11ec04f66b0b2b8a42e471.webp","https://icodrops.com/gnosis-safe/","Private Stage","$100 M","$98.68 M","Wallet","Upcoming","","1kx","Blockchain Capital","Brevan Howard","More Details","Ethereum","",""
"Crescent","","https://icodrops.com/media/cache/fb/3a/fb3a94b86975cb345805bb778974647c.webp","https://icodrops.com/crescent/","Private Stage","$5 M","$57.77 K","DEX","Upcoming","","Nathan McCauley","","","","","",""
"Mona","","https://icodrops.com/media/cache/26/5a/265a2fc2ea80639c285d2dbb35156aa8.webp","https://icodrops.com/mona/","Private Stage","$14.6 M","$1.35 M","Social","Upcoming","","a_capital","ConsenSys","Placeholder","More Details","","",""
"Restake Finance","RSTK","https://icodrops.com/media/cache/ee/61/ee611abb7dc49022342bc6cef6ee8efc.webp","https://icodrops.com/restake-finance/","Private Stage","$3.23 M","$244.9 K","DeFi","Upcoming","","0xJeff","AlfaDAO","bizyugo","More Details","Ethereum","",""
"ScienceMagic.Studios","","https://icodrops.com/media/cache/35/ed/35ed23e7cc941f8441e0c4d69401a70f.webp","https://icodrops.com/sciencemagic-studios/","Private Stage","$10.3 M","—","Blockchain Service","Upcoming","","Brevan Howard","Coinbase Ventures","Digital Currency Group (DCG)","More Details","","",""
"Shil.me","","https://icodrops.com/media/cache/63/25/63254694e078a51b5f984de455c2ab34.webp","https://icodrops.com/shil-me/","Private Stage","$1.2 M","—","Blockchain Service","Upcoming","","Big Brain Holdings","Zee Prime Capital","DWeb3 Capital","More Details","","",""
"NVG8","NVG8","https://icodrops.com/media/cache/c1/ca/c1ca3b54b18723f9eb7a45e44b7d1972.webp","https://icodrops.com/nvg8/","Private Stage","$7.62 M","$83.4 K","Blockchain Service","Upcoming","","Alan Howard","Distributed Global","Kraken","More Details","","",""
"Bastion","BSTN","https://icodrops.com/media/cache/71/5b/715bd159bc7ce695c64c837c10c68f7a.webp","https://icodrops.com/bastion-2/","Private Stage","$39.6 M","—","Blockchain Service","Upcoming","","Andreessen Horowitz (a16z)","Coinbase Ventures","Hashed","More Details","Aurora","",""
"Range Protocol","","https://icodrops.com/media/cache/d8/7b/d87b8fe4c9d2e4cd459436c686def725.webp","https://icodrops.com/range-protocol/","Private Stage","$3.75 M","$868.6 K","DeFi","Upcoming","","HashKey Capital","Spark Digital Capital","Mirana Ventures","More Details","","",""
"Pop Social","PPT","https://icodrops.com/media/cache/26/eb/26ebc7f8fbb86b7dcd8525672f73fba3.webp","https://icodrops.com/pop-social/","Private Stage","$4 M","$103.86 K","Social","Upcoming","","Fundamental Labs","Ceras Ventures","ChainLink","More Details","","",""
"BitKeep","BKB","https://icodrops.com/media/cache/6a/39/6a39b69930db30ff3647f40d426d8110.webp","https://icodrops.com/bitkeep/","Private Stage","$45 M","$470.1 M","Wallet","Upcoming","","Dragonfly Capital","Bixin Ventures","DHVC","More Details","","",""
"Paper","","https://icodrops.com/media/cache/c9/2f/c92f8a0be36bfe5a4e4fbfbf351ebcb5.webp","https://icodrops.com/paper/","Private Stage","$9.3 M","$18.97 K","Blockchain Service","Upcoming","","Electric Capital","Alliance","Initialized Capital","More Details","","",""
"Co: Create","CO","https://icodrops.com/media/cache/2a/99/2a99fe69de5528fb28dae540c405b083.webp","https://icodrops.com/cocreate/","Private Stage","$25 M","—","Protocol","Upcoming","","Amy Wu","Packy McCormick","RTFKT","More Details","","",""
"GRVT","","https://icodrops.com/media/cache/94/26/9426249a22b7d7c3fb384722614c5127.webp","https://icodrops.com/grvt/","Private Stage","$33.3 M","—","DEX","Upcoming","","Delphi Digital (Delphi Labs)","500 Startups","CMS Holdings","More Details","","",""
"Truflation","","https://icodrops.com/media/cache/7e/5f/7e5f40837f8cce371f538e87650bc7bd.webp","https://icodrops.com/truflation/","Private Stage","$6.4 M","$3.25 M","Real World Assets P…","Upcoming","","Balaji Srinivasan","Fundamental Labs","C2Ventures (Csquared)","More Details","","",""
"D3","","https://icodrops.com/media/cache/9d/9c/9d9c39a77dc342686c8c789955d44621.webp","https://icodrops.com/d3/","Private Stage","$30 M","—","Blockchain Service","Upcoming","","Paradigm","Coinbase Ventures","C2Ventures (Csquared)","More Details","","",""
"Aperture Finance","APT","https://icodrops.com/media/cache/42/27/4227b10e1108a9cd1acb48baec48975e.webp","https://icodrops.com/aperture-finance/","Private Stage","$12 M","$28.19 K","DeFi","Upcoming","","Arrington Capital","Divergence Ventures","ParaFi Capital","More Details","","",""
"Drift Protocol","","https://icodrops.com/media/cache/40/37/40372657f0aacb47fb2afc6cb5b04ff4.webp","https://icodrops.com/drift-protocol/","Private Stage","$197.3 M","$12.3 M","Perpetual","Upcoming","","Blockchain Capital","Multicoin Capital","Polychain Capital","More Details","Solana","",""
"Prisma","","https://icodrops.com/media/cache/0a/79/0a7975d9ceaa1c10f573bc18455e6652.webp","https://icodrops.com/prisma/","Private Stage","—","$1.98 M","Liquid Staking Prot…","Upcoming","","0xMaki","OKX Ventures","Tetranode","More Details","","",""
"Fusionist","","https://icodrops.com/media/cache/e3/31/e331fc92282ed16ef7b5a49ae73192ba.webp","https://icodrops.com/fusionist/","Private Stage","$6.6 M","$10.84 M","Gaming","Upcoming","","YZi Labs (prev Binance Labs)","FunPlus","Ethereum","","","",""
"Sleepless AI","","https://icodrops.com/media/cache/03/ac/03acc8809490e27b82d2a24f0e385aa6.webp","https://icodrops.com/sleepless-ai/","Private Stage","—","$25.98 M","Gaming","Upcoming","","YZi Labs (prev Binance Labs)","Folius Ventures","","","","",""